county,age,education,married,children,wage
1,22,10,1,0,
2,36,10,1,0,20.312845
3,28,10,1,0,
4,37,10,1,0,
5,39,10,1,1,16.142241
6,33,10,1,2,14.957994
7,57,10,1,1,18.443392
8,45,16,1,0,17.574057
9,39,12,1,0,
0,25,10,0,3,18.48312
1,26,16,0,0,29.404474
2,28,10,1,1,
3,52,10,1,1,
4,38,16,0,3,24.834753
5,36,16,1,4,27.170021
6,32,12,1,3,16.864811
7,36,16,1,5,33.821079
8,46,12,1,5,18.976374
9,39,16,1,0,
0,34,10,0,0,
1,32,10,0,3,20.448109
2,28,10,0,2,
3,41,12,1,0,22.077784
4,54,16,0,3,28.465847
5,33,12,0,3,24.360678
6,36,12,1,5,12.199959
7,40,12,1,0,
8,38,16,1,2,24.182858
9,49,20,1,0,32.845444
0,45,12,0,1,23.783546
1,49,10,1,1,25.720612
2,31,16,0,2,
3,39,10,0,3,
4,39,16,1,1,22.670246
5,30,12,1,3,21.444376
6,45,12,1,0,
7,55,12,1,1,33.366901
8,44,12,1,3,21.479366
9,43,16,1,4,29.222471
0,50,10,0,0,
1,24,10,0,2,
2,24,10,1,4,
3,52,10,1,1,
4,52,12,1,0,22.54067
5,35,12,1,1,
6,53,10,1,1,
7,38,12,1,4,21.228905
8,43,16,1,1,
9,40,16,1,3,26.002064
0,24,10,0,3,
1,46,12,0,3,26.896238
2,56,16,0,2,31.766874
3,28,10,0,3,
4,34,10,0,1,
5,36,12,1,1,
6,39,12,1,5,19.760498
7,55,12,1,0,20.58469
8,38,20,1,0,
9,40,16,1,4,22.790361
0,24,12,0,0,
1,34,10,0,0,16.469666
2,38,10,1,0,
3,40,12,0,1,23.065828
4,28,12,1,3,10.140154
5,48,10,1,1,
6,41,16,1,3,24.799627
7,44,16,1,1,27.008499
8,44,16,1,2,22.421062
9,43,20,1,1,19.32379
0,31,10,0,0,
1,44,10,1,1,25.829166
2,41,16,0,4,33.488766
3,35,12,1,4,21.637587
4,31,20,0,2,25.662706
5,31,12,1,0,34.399078
6,34,20,1,2,
7,38,16,1,5,20.132847
8,36,16,1,5,21.822466
9,42,16,1,1,37.583195
0,26,10,1,3,24.959938
1,31,12,0,3,25.631718
2,30,10,0,3,
3,27,16,1,3,
4,30,16,1,4,29.814415
5,32,10,1,4,15.853995
6,54,12,1,1,19.396835
7,35,20,1,0,32.271553
8,40,12,1,4,14.142382
9,43,16,1,0,25.131107
0,34,10,0,2,30.63925
1,23,16,1,0,21.012365
2,29,12,1,3,9.5502195
3,26,10,1,1,19.756168
4,34,16,1,0,30.824001
5,35,16,0,4,19.757227
6,39,12,1,0,11.552462
7,43,16,1,1,24.209091
8,36,12,1,1,
9,46,12,1,1,33.03038
0,35,10,0,2,
1,45,10,0,0,
2,52,16,0,1,37.291561
3,39,10,1,0,
4,42,20,1,0,23.554684
5,31,10,1,3,24.643089
6,57,16,1,2,29.301794
7,35,16,1,0,
8,36,16,1,1,
9,48,16,1,1,28.75959
0,23,10,0,0,
1,22,10,1,0,26.107132
2,25,10,0,4,11.221525
3,28,12,1,0,
4,31,10,0,3,18.554476
5,32,10,1,0,
6,39,12,1,5,19.683069
7,35,20,1,0,20.946295
8,36,16,1,5,13.237805
9,50,12,1,4,30.344828
0,21,10,0,0,
1,49,10,1,4,21.090818
2,24,12,0,0,
3,27,20,0,2,27.722589
4,33,20,0,2,26.741272
5,50,12,1,1,18.959173
6,40,16,1,0,29.534986
7,49,16,1,0,
8,49,16,1,3,32.172344
9,38,12,1,1,26.554529
0,34,10,0,0,
1,22,10,0,3,20.99301
2,47,10,0,2,32.044811
3,30,12,0,1,
4,52,10,0,3,
5,30,16,1,0,30.004883
6,36,12,1,4,27.294218
7,46,20,1,0,31.484026
8,38,16,1,1,28.394238
9,47,12,1,0,
0,25,10,0,1,
1,22,10,0,3,14.652884
2,25,10,0,1,
3,27,12,1,4,10.600055
4,29,12,1,1,
5,33,10,1,0,
6,33,16,1,1,32.375946
7,35,16,1,4,31.666283
8,36,12,1,3,
9,39,20,1,0,
0,21,10,1,0,
1,28,10,1,0,
2,28,12,1,0,13.373563
3,30,12,0,1,
4,45,12,1,1,19.00765
5,36,10,1,2,23.586367
6,32,12,1,4,22.729269
7,34,10,1,0,25.00589
8,46,16,1,3,23.994658
9,48,12,1,1,
0,20,16,1,1,
1,37,10,0,1,
2,31,12,1,3,20.13044
3,41,10,0,2,28.873886
4,28,12,1,4,14.560535
5,31,16,1,3,24.734142
6,41,10,1,0,18.376318
7,35,16,1,0,27.136614
8,36,12,1,5,21.991323
9,39,12,1,1,
0,23,10,1,0,
1,26,10,1,1,
2,41,12,0,4,12.89353
3,31,10,1,0,
4,51,10,1,0,
5,31,12,1,2,
6,33,12,1,0,
7,48,10,1,0,19.636724
8,49,12,1,3,23.015236
9,47,12,1,5,26.442099
0,41,12,0,1,21.778624
1,43,10,1,1,18.528088
2,46,10,1,0,
3,36,10,0,1,28.193216
4,30,16,0,1,
5,37,16,1,1,28.638233
6,40,12,1,4,31.400805
7,41,16,1,2,19.45953
8,37,12,1,3,23.22979
9,40,16,1,2,30.679558
0,23,16,0,3,28.448244
1,30,10,1,1,
2,31,16,1,0,
3,40,16,0,1,
4,40,10,1,2,16.67281
5,56,20,1,0,31.412123
6,37,20,1,0,26.345673
7,42,20,1,0,32.349804
8,42,20,1,2,32.97187
9,41,16,1,0,23.401943
0,49,10,0,0,
1,38,10,0,1,23.814207
2,25,12,0,1,18.202276
3,27,12,1,0,
4,30,12,0,1,25.199711
5,42,16,1,2,37.671524
6,42,12,1,0,19.855629
7,44,12,1,1,29.606485
8,36,12,1,0,
9,54,12,1,2,28.26524
0,38,10,0,1,
1,22,12,0,2,
2,50,10,0,1,
3,29,10,1,1,
4,28,12,1,2,19.495584
5,30,10,1,0,21.366137
6,32,16,1,3,
7,47,20,1,0,40.563805
8,39,16,1,1,
9,40,12,1,5,12.549238
0,21,10,0,0,
1,40,10,1,2,11.621264
2,31,16,1,4,25.453737
3,26,10,0,3,15.000851
4,30,10,1,0,
5,40,12,1,4,9.2662745
6,34,12,1,0,
7,34,16,1,3,18.96863
8,47,16,1,1,24.312052
9,39,16,1,1,13.432415
0,26,16,0,3,28.33893
1,24,10,0,3,27.132765
2,36,10,0,0,
3,26,10,0,0,
4,35,16,1,1,
5,34,10,1,0,
6,44,12,1,1,28.553621
7,34,12,1,2,22.48278
8,43,12,1,1,22.667044
9,49,12,1,5,25.772486
0,20,10,1,2,
1,32,16,1,1,38.505833
2,43,10,0,1,
3,41,16,1,3,
4,29,12,1,1,10.782387
5,38,12,0,1,
6,40,16,1,4,31.985243
7,46,16,1,2,34.180962
8,38,12,1,3,
9,43,12,1,0,21.618982
0,26,10,0,2,
1,31,10,0,3,19.694122
2,35,12,1,0,24.883081
3,41,16,0,1,26.383455
4,40,12,0,1,20.809433
5,34,12,1,2,26.256802
6,33,16,1,1,
7,41,20,1,2,34.50835
8,48,16,1,4,26.944262
9,39,12,1,3,12.316683
0,28,10,0,1,32.766571
1,36,10,1,1,12.635544
2,29,16,0,4,
3,35,16,1,1,19.92981
4,36,16,1,3,21.962036
5,31,16,1,4,22.719717
6,33,10,1,1,
7,46,16,1,4,26.011389
8,36,20,1,0,33.344952
9,39,20,1,2,34.617069
0,26,10,0,1,25.167942
1,23,10,0,2,
2,28,10,0,1,23.692451
3,49,10,1,0,21.25057
4,51,10,0,4,23.536545
5,37,16,0,4,15.33446
6,32,16,1,3,19.481936
7,41,16,1,1,29.771898
8,57,16,1,2,27.181414
9,39,16,1,2,
0,29,10,0,3,22.608921
1,56,10,1,1,28.188187
2,27,10,0,0,
3,47,16,1,2,15.041968
4,33,10,1,1,20.881483
5,32,10,1,1,
6,33,12,1,5,19.391022
7,35,20,1,0,
8,42,20,1,1,
9,38,16,1,1,16.579042
0,30,10,0,0,
1,23,10,0,1,
2,39,10,1,0,
3,26,10,1,1,
4,36,20,1,1,29.58684
5,30,10,0,2,
6,32,12,1,1,
7,47,16,1,1,
8,36,12,1,1,21.054976
9,51,16,1,4,24.243658
0,20,10,1,0,
1,27,10,1,3,12.456758
2,52,20,1,0,
3,30,12,0,1,20.586355
4,38,10,1,1,21.308973
5,39,20,1,2,23.010447
6,35,12,1,0,
7,37,20,1,1,35.099167
8,36,12,1,0,26.696947
9,38,20,1,0,27.488464
0,25,10,0,0,
1,27,12,0,3,13.203265
2,36,20,0,2,37.459053
3,29,12,0,3,14.428502
4,28,10,0,1,
5,30,12,1,0,19.376781
6,39,16,1,1,
7,47,12,1,1,30.166994
8,38,12,1,1,26.298191
9,39,20,1,0,
0,24,10,0,3,22.904264
1,33,12,0,3,19.378653
2,32,10,1,0,
3,26,10,0,4,14.486758
4,37,12,0,1,18.357914
5,34,10,0,3,28.63303
6,32,16,1,1,
7,40,12,1,0,23.427937
8,50,16,1,5,20.971697
9,42,12,1,1,20.220554
0,47,10,0,0,
1,28,10,0,3,
2,46,10,1,3,26.979486
3,34,10,0,3,
4,36,12,1,1,
5,34,10,1,1,
6,35,10,1,1,
7,45,16,1,1,
8,48,12,1,4,30.536333
9,47,16,1,1,30.630096
0,22,10,0,3,23.42415
1,39,10,0,2,20.207914
2,29,10,1,0,15.883739
3,26,16,1,3,
4,35,12,1,0,23.511223
5,40,16,0,1,22.896929
6,32,12,1,2,
7,37,16,1,1,35.0312
8,36,10,1,0,25.984373
9,41,16,1,4,14.962628
0,36,10,0,3,20.438194
1,28,12,0,2,
2,34,10,0,3,
3,26,16,0,2,
4,32,10,0,4,21.300037
5,32,16,1,4,26.806074
6,32,12,1,0,26.012897
7,54,16,1,4,42.375858
8,37,10,1,1,
9,49,16,1,1,41.868221
0,32,12,0,2,
1,22,10,1,4,17.066826
2,26,10,0,3,18.101761
3,32,10,0,3,16.717525
4,36,16,1,1,24.204874
5,36,12,1,1,
6,45,20,1,0,35.009781
7,43,12,1,4,27.315987
8,37,12,1,3,19.557959
9,38,12,1,0,19.427387
0,28,10,0,3,
1,37,10,0,4,22.727005
2,24,10,1,0,
3,26,12,0,1,
4,28,12,0,1,
5,34,10,0,3,24.724787
6,37,16,1,1,20.413919
7,42,12,1,2,18.733215
8,44,16,1,1,29.536896
9,42,16,1,3,
0,42,10,0,1,27.897202
1,47,12,0,0,26.005829
2,30,10,1,0,
3,36,10,0,2,22.045427
4,29,16,1,2,
5,30,16,1,1,18.543116
6,41,10,1,0,
7,34,12,1,3,19.925711
8,36,16,1,1,28.141666
9,53,12,1,4,21.986864
0,23,10,0,1,
1,46,10,0,0,
2,31,10,1,0,
3,35,10,1,2,16.580322
4,28,10,1,3,
5,42,10,1,3,23.443398
6,48,10,1,4,24.157194
7,46,16,1,1,31.38863
8,39,12,1,1,16.7952
9,44,16,1,1,
0,36,10,0,2,
1,23,10,0,1,
2,49,16,0,2,15.310898
3,38,16,1,2,21.780672
4,29,16,1,4,
5,31,16,0,2,22.149981
6,39,12,1,3,22.465837
7,41,10,1,3,18.985119
8,37,16,1,4,21.450724
9,40,16,1,4,33.477356
0,30,10,1,0,
1,31,10,1,0,
2,25,10,1,1,18.337069
3,29,12,0,3,14.97097
4,28,10,1,0,
5,33,16,1,1,25.856499
6,38,16,1,1,23.331615
7,34,12,1,0,
8,36,12,1,4,13.839977
9,38,16,1,4,24.257513
0,20,10,1,1,22.027903
1,48,10,0,0,
2,24,12,1,1,
3,26,12,0,2,22.647457
4,34,10,1,0,28.655714
5,33,12,1,1,
6,32,10,1,1,16.690474
7,36,16,1,1,28.767359
8,36,16,1,2,26.924816
9,47,16,1,3,21.488255
0,24,12,0,0,
1,28,10,1,0,22.424522
2,24,16,0,0,31.498934
3,28,12,1,0,
4,36,10,0,3,13.502457
5,30,12,0,4,20.483469
6,37,12,0,3,29.603703
7,48,20,1,1,30.268602
8,40,16,1,5,19.111387
9,40,12,1,0,
0,22,10,0,3,17.087469
1,48,10,0,2,29.179674
2,28,10,0,3,19.058661
3,33,16,1,0,28.005417
4,41,16,0,2,22.836981
5,31,12,1,1,
6,35,16,1,1,
7,43,10,1,3,19.790771
8,40,16,1,5,28.235867
9,39,20,1,2,
0,44,10,0,1,
1,43,10,1,1,
2,33,12,0,0,
3,30,12,0,3,27.201082
4,41,12,1,4,11.259277
5,38,12,1,0,
6,33,16,1,0,
7,44,10,1,5,10.291282
8,50,20,1,3,35.16898
9,40,16,1,1,
0,39,10,0,1,
1,45,10,0,3,17.306448
2,39,10,1,2,17.869812
3,29,12,0,3,
4,42,10,1,1,16.270248
5,41,12,0,1,30.15576
6,38,16,1,1,20.177778
7,47,10,1,0,28.060406
8,52,12,1,1,21.588812
9,47,12,1,2,24.748911
0,35,10,1,2,19.039972
1,43,16,0,2,29.521507
2,25,16,0,2,
3,26,10,1,4,
4,48,20,1,0,
5,30,12,1,1,
6,34,12,1,3,
7,36,20,1,0,
8,47,12,1,4,19.378059
9,38,12,1,0,
0,20,10,0,3,
1,29,10,0,0,
2,50,16,0,4,20.348612
3,29,12,0,0,
4,40,12,0,1,
5,30,16,0,4,28.430012
6,33,10,1,1,19.152668
7,40,16,1,5,21.058619
8,38,12,1,1,
9,40,12,1,4,19.482132
0,29,10,0,3,
1,34,10,0,0,
2,24,10,1,0,
3,26,10,0,3,
4,39,10,0,2,24.718948
5,32,10,1,1,14.730824
6,36,16,1,1,
7,48,12,1,4,23.575796
8,38,16,1,1,
9,41,12,1,3,21.943399
0,20,10,0,1,13.407588
1,22,10,0,2,
2,31,10,1,4,25.836006
3,46,12,1,2,30.035631
4,28,12,1,0,
5,46,12,1,2,26.008415
6,33,12,1,0,
7,43,12,1,3,17.565598
8,51,12,1,1,27.605219
9,42,16,1,0,24.353947
0,39,16,0,3,25.762039
1,29,10,1,3,14.492438
2,26,12,1,0,
3,30,10,1,0,18.935717
4,35,12,1,0,20.097435
5,45,16,1,1,22.780048
6,32,10,0,3,21.837765
7,36,16,1,1,33.629456
8,37,12,1,1,
9,47,12,1,3,25.392004
0,23,10,0,3,
1,24,10,0,2,
2,26,10,0,3,16.155466
3,44,12,1,1,
4,31,16,1,1,31.699146
5,43,10,1,3,
6,37,16,1,1,24.457947
7,39,16,1,0,
8,38,20,1,0,38.58865
9,39,16,1,4,22.391909
0,21,10,0,2,
1,22,10,0,3,22.789139
2,42,10,0,2,22.644915
3,53,10,1,0,18.09971
4,39,10,1,0,16.759596
5,32,12,1,1,
6,38,12,0,5,12.885149
7,43,16,1,2,28.898153
8,52,16,1,1,33.54673
9,42,12,1,0,
0,20,10,0,0,
1,22,10,0,2,
2,32,10,0,0,
3,34,10,1,4,14.843106
4,33,12,1,0,16.963541
5,34,12,1,0,
6,32,12,0,1,
7,39,20,1,2,29.089193
8,37,12,1,3,19.115326
9,46,16,1,1,40.934429
0,26,10,0,1,
1,27,16,1,0,21.979858
2,25,16,1,0,33.512299
3,33,12,1,0,
4,28,20,1,2,38.44421
5,30,10,1,0,
6,46,16,1,4,26.686462
7,49,16,1,2,33.956219
8,48,16,1,1,21.313637
9,41,16,1,4,25.970089
0,23,10,1,2,19.936008
1,22,10,0,0,
2,24,16,1,1,
3,27,12,1,3,21.995415
4,31,16,0,3,26.532782
5,31,10,1,1,
6,32,10,1,1,
7,46,16,1,1,26.188507
8,39,16,1,1,
9,39,12,1,2,
0,23,12,1,0,
1,23,10,1,1,
2,31,12,0,4,13.085906
3,26,20,1,0,31.010302
4,47,12,1,1,24.924667
5,45,10,1,4,23.10187
6,32,12,1,0,
7,41,12,1,3,25.051828
8,36,16,1,0,24.379045
9,46,12,1,3,11.979184
0,22,10,0,3,
1,23,10,0,1,26.135296
2,37,12,0,2,12.248748
3,31,12,0,0,
4,33,10,1,2,14.835226
5,40,10,1,4,13.088841
6,35,16,1,3,28.233597
7,44,16,1,1,15.314981
8,38,12,1,3,17.065863
9,40,20,1,0,40.811447
0,25,10,0,2,
1,39,10,0,3,30.173407
2,25,10,0,2,16.578981
3,32,12,0,3,21.21768
4,36,10,0,4,14.822668
5,34,12,0,4,24.928543
6,39,16,1,2,21.59901
7,41,10,1,0,19.640989
8,36,20,1,0,
9,38,12,1,1,26.859043
0,23,10,0,3,21.985313
1,24,16,1,0,
2,45,16,0,2,32.069241
3,46,10,0,3,23.556597
4,35,12,0,4,19.991318
5,31,12,0,2,
6,34,16,0,4,29.4238
7,37,16,1,2,33.56152
8,36,16,1,1,27.255451
9,47,16,1,4,20.539764
0,42,10,0,2,21.081598
1,22,10,0,3,15.974301
2,35,10,0,2,19.270111
3,39,16,1,1,18.99869
4,44,12,1,1,26.99773
5,31,16,0,1,24.007776
6,37,10,0,3,19.83424
7,34,16,1,0,
8,47,16,1,0,29.634417
9,46,12,1,2,25.578039
0,20,10,0,1,
1,23,10,1,0,15.914248
2,45,10,1,0,23.107174
3,47,10,0,2,18.64645
4,34,20,1,0,27.297176
5,50,16,0,4,30.930248
6,47,12,1,1,24.301079
7,34,20,1,0,29.068525
8,52,12,1,0,
9,38,16,1,4,20.918428
0,28,10,0,1,23.926355
1,41,10,0,1,
2,29,12,0,2,27.143862
3,29,10,1,3,19.022291
4,29,20,0,2,29.546566
5,41,10,1,2,27.772865
6,39,12,1,3,
7,34,16,1,3,26.540098
8,42,20,1,2,
9,38,16,1,1,25.141388
0,32,10,0,2,
1,22,10,0,2,15.924909
2,33,16,0,3,19.330107
3,32,16,0,3,29.800945
4,45,10,1,1,21.809017
5,41,12,1,0,28.975393
6,32,12,1,3,
7,48,20,1,1,39.381603
8,37,20,1,3,28.4881
9,38,12,1,5,25.947273
0,20,10,0,1,21.410379
1,32,10,1,1,
2,28,12,0,2,18.92765
3,40,10,1,0,
4,37,12,1,1,21.255232
5,32,16,1,2,28.417233
6,41,20,1,0,24.528332
7,44,12,1,2,28.733141
8,38,12,1,1,7.9031348
9,51,12,1,5,25.654238
0,27,10,0,3,17.139359
1,37,10,0,2,24.645491
2,24,10,0,3,
3,33,12,0,2,14.024632
4,40,10,0,4,23.439613
5,36,12,1,4,9.6500587
6,35,12,1,3,26.355925
7,35,16,1,1,25.3009
8,36,12,1,2,
9,46,20,1,0,26.135363
0,24,10,0,3,
1,33,10,0,0,
2,31,10,0,2,11.56276
3,26,12,1,0,24.447342
4,44,10,1,1,16.118032
5,31,16,0,1,22.057905
6,32,16,1,1,27.348858
7,40,12,1,3,18.559303
8,36,12,1,4,14.800147
9,40,16,1,0,
0,25,10,0,0,
1,24,20,1,0,29.165108
2,32,10,0,3,12.354209
3,26,10,0,3,
4,34,12,1,3,27.246653
5,33,12,1,0,
6,32,12,0,1,
7,34,16,1,1,21.319187
8,37,16,1,4,20.463446
9,47,12,1,1,24.55965
0,20,10,0,2,17.382906
1,27,16,1,1,21.240894
2,29,12,0,0,
3,29,16,0,0,
4,46,10,0,2,21.559572
5,42,12,1,1,
6,38,10,1,1,22.164564
7,34,10,1,5,22.268103
8,38,12,1,1,
9,43,20,1,0,35.373131
0,21,10,0,3,25.01338
1,23,10,0,4,12.117078
2,27,12,1,3,26.930025
3,26,16,0,3,16.098928
4,33,16,1,1,29.928226
5,37,12,1,1,
6,32,16,1,4,19.801888
7,34,10,1,5,20.88595
8,39,12,1,5,17.035727
9,39,16,1,4,19.839466
0,21,12,0,2,27.181015
1,24,10,0,4,19.08168
2,51,16,1,0,30.959265
3,41,12,1,0,
4,35,12,1,0,17.598354
5,50,12,1,4,25.93041
6,44,12,1,1,29.150606
7,35,12,1,4,24.939646
8,42,20,1,2,27.955456
9,38,16,1,1,
0,36,12,0,1,31.386158
1,36,10,0,2,
2,34,10,1,3,15.916776
3,36,12,0,1,23.433361
4,28,16,1,4,27.205826
5,30,12,1,3,25.139311
6,32,16,0,2,25.39625
7,38,16,0,3,36.063225
8,36,20,1,0,33.095345
9,39,12,1,3,20.843906
0,30,10,0,1,
1,29,20,1,1,21.928114
2,44,10,1,3,23.298225
3,46,20,1,0,33.877449
4,47,20,1,0,28.929646
5,33,16,1,1,20.356279
6,32,16,0,1,
7,34,16,1,0,28.467638
8,37,16,1,0,24.9228
9,52,12,1,1,22.924795
0,30,10,1,0,18.888941
1,53,10,0,1,
2,29,16,1,0,29.202284
3,59,20,1,2,28.385406
4,29,10,0,3,15.586174
5,42,16,1,1,30.150249
6,34,20,1,2,35.467751
7,39,12,1,1,22.815369
8,38,20,1,3,36.826347
9,40,12,1,1,
0,20,12,0,2,
1,28,10,0,1,17.188599
2,34,12,1,2,19.281086
3,31,16,0,4,16.277281
4,36,10,1,0,
5,39,10,1,0,26.133308
6,46,12,1,0,
7,35,12,1,1,21.020836
8,36,16,1,4,23.073196
9,40,16,1,2,16.82127
0,38,10,0,0,
1,23,10,0,3,22.46921
2,27,20,1,0,41.181835
3,28,12,1,1,
4,31,16,1,0,
5,39,12,1,0,
6,34,16,1,1,33.983322
7,35,16,1,3,18.382847
8,36,16,1,1,22.205944
9,41,16,1,1,26.814919
0,42,10,0,0,
1,22,12,0,2,23.348763
2,28,10,1,3,32.596375
3,27,12,1,3,19.793318
4,38,16,1,2,22.55094
5,30,12,0,1,
6,33,10,1,1,20.812357
7,38,16,1,1,25.584646
8,37,16,1,1,
9,41,16,1,4,15.877498
0,22,10,0,0,
1,43,12,0,1,
2,28,10,0,4,
3,28,16,0,3,
4,28,12,0,3,27.008511
5,39,16,1,3,37.460266
6,33,12,1,0,
7,36,16,1,3,26.174685
8,45,16,1,3,32.081856
9,56,16,1,3,27.383097
0,35,12,0,0,
1,28,10,0,1,
2,24,16,0,3,19.674463
3,42,12,1,0,40.346416
4,53,12,1,0,22.240318
5,46,10,1,0,
6,55,10,1,1,27.014999
7,47,16,1,0,24.993105
8,47,16,1,2,31.209471
9,51,12,1,2,28.641346
0,27,10,0,3,21.02079
1,41,10,0,1,
2,30,16,1,1,
3,26,10,1,1,
4,43,12,1,1,16.843822
5,31,16,0,1,29.225199
6,39,12,0,1,21.621067
7,34,16,1,3,16.829185
8,36,16,1,4,22.553301
9,38,12,1,1,29.38106
0,34,10,0,1,21.246048
1,22,10,1,1,29.572399
2,24,10,0,3,22.306637
3,44,10,0,3,19.521011
4,47,10,0,1,
5,47,16,1,1,33.143402
6,36,16,1,0,
7,40,16,1,1,26.134983
8,37,12,1,0,
9,50,16,1,1,27.509562
0,28,10,1,2,19.733929
1,22,10,0,0,
2,27,12,0,4,19.270859
3,47,10,1,1,
4,37,12,1,0,22.681026
5,31,16,1,1,25.051998
6,34,10,1,1,
7,45,16,1,1,
8,36,12,1,3,13.117857
9,52,16,1,5,25.879913
0,30,10,0,3,
1,57,10,1,0,13.985646
2,24,10,1,1,
3,29,12,1,0,
4,35,10,1,1,19.89254
5,32,12,1,1,20.63662
6,32,16,1,1,
7,41,12,1,0,19.659378
8,50,16,1,4,22.169258
9,40,12,1,1,22.962845
0,25,10,0,1,22.192017
1,26,16,1,2,19.296661
2,39,16,0,2,22.644051
3,30,16,0,2,
4,36,12,1,0,
5,30,16,1,0,
6,38,16,1,0,27.252071
7,35,16,1,1,25.513916
8,36,16,1,4,24.285074
9,39,16,1,2,27.477915
0,22,10,0,3,16.857559
1,24,10,1,1,19.805655
2,31,10,0,1,14.870366
3,29,16,0,3,25.959377
4,28,10,1,2,
5,30,10,1,0,
6,38,10,1,3,24.391394
7,40,16,1,3,18.112057
8,39,12,1,5,23.643703
9,45,20,1,3,34.296303
0,20,16,1,0,
1,22,20,1,2,
2,28,10,1,0,
3,35,12,0,3,28.020605
4,29,12,1,1,
5,31,16,1,1,22.344538
6,34,16,0,4,17.29142
7,49,16,1,1,33.494602
8,36,16,1,0,
9,50,16,1,1,22.892014
0,23,10,0,0,
1,23,16,0,0,
2,24,20,0,0,
3,35,10,0,2,14.509654
4,30,16,0,2,28.916851
5,32,20,1,0,23.555304
6,40,12,1,1,20.510912
7,46,20,1,3,31.496513
8,39,12,1,1,
9,40,12,1,5,24.289143
0,22,12,1,3,
1,32,12,0,3,17.954115
2,27,12,1,0,
3,42,12,1,1,
4,49,12,1,1,23.772013
5,36,12,1,1,19.545286
6,37,12,1,2,36.668587
7,48,20,1,3,32.795475
8,42,16,1,5,29.529984
9,42,16,1,1,26.394371
0,23,10,0,3,11.9324
1,42,12,0,2,22.79122
2,24,10,1,4,19.283371
3,26,10,0,3,19.211079
4,33,10,1,1,28.244024
5,31,20,1,0,27.916552
6,37,10,1,0,
7,43,12,1,2,24.907045
8,53,16,1,2,28.722555
9,40,20,1,0,
0,37,10,0,2,15.709896
1,23,10,0,0,
2,34,16,0,0,
3,51,10,1,0,15.807142
4,40,10,0,4,26.200787
5,32,16,1,1,26.637951
6,37,16,1,1,24.193134
7,34,12,1,1,29.986069
8,36,16,1,1,29.254093
9,39,12,1,5,32.032642
0,29,10,0,0,
1,48,12,0,2,16.82449
2,24,16,0,3,21.635214
3,32,20,1,2,22.428608
4,36,16,0,2,29.450026
5,37,12,1,1,
6,35,12,1,0,
7,37,16,1,0,
8,39,16,1,0,18.402075
9,41,12,1,2,19.045965
0,21,12,0,2,22.800831
1,33,10,0,1,
2,24,16,1,1,26.923037
3,31,10,0,1,20.567633
4,30,16,1,1,24.953749
5,33,12,1,1,11.712132
6,35,16,1,2,30.261044
7,40,12,1,3,
8,41,12,1,1,22.266029
9,42,16,1,4,25.881641
0,47,16,0,0,
1,31,10,0,3,21.962929
2,26,16,0,2,
3,48,12,0,3,14.665265
4,38,16,1,1,
5,36,10,0,3,17.175415
6,43,12,1,4,25.063612
7,35,12,1,2,26.991734
8,36,16,1,5,25.988306
9,42,12,1,4,28.296684
0,24,10,1,0,
1,27,10,0,1,
2,24,12,1,0,
3,56,12,1,4,21.481653
4,28,12,1,0,
5,46,16,1,1,32.02232
6,35,12,1,4,15.927238
7,34,20,1,1,26.969564
8,36,16,1,2,29.254856
9,42,20,1,0,27.128813
0,45,10,0,3,25.079309
1,26,10,1,1,21.917091
2,37,16,0,3,22.987446
3,30,16,1,3,17.907715
4,28,10,1,3,13.978712
5,34,10,1,4,21.960173
6,51,16,1,3,
7,43,12,0,4,20.748161
8,36,12,1,1,14.180641
9,38,16,1,1,24.3204
0,21,10,1,0,18.836628
1,29,16,0,3,20.596586
2,45,12,1,0,27.92765
3,28,10,1,0,
4,30,16,1,4,21.839981
5,33,10,1,4,22.208971
6,38,16,1,0,
7,38,12,1,1,
8,36,16,1,3,18.988411
9,49,16,1,1,
0,43,10,1,1,27.637428
1,22,10,0,0,
2,32,10,1,1,
3,42,16,1,1,22.520121
4,28,10,0,1,
5,48,12,1,3,23.115763
6,32,16,1,2,30.116966
7,35,16,1,1,31.61079
8,36,10,1,1,
9,58,16,1,5,31.098299
0,22,10,0,2,
1,46,12,0,0,
2,32,10,0,1,
3,45,16,0,2,
4,34,10,0,4,16.168047
5,30,16,1,0,
6,33,10,1,1,20.421715
7,38,10,1,2,16.426998
8,41,16,1,0,
9,38,12,1,1,
0,22,10,0,0,
1,31,10,1,0,
2,29,12,1,0,18.028261
3,42,16,1,3,22.402006
4,36,16,1,0,28.785271
5,45,12,1,0,
6,41,12,0,2,21.583471
7,34,16,1,4,26.202055
8,37,12,1,5,19.148678
9,40,16,1,4,22.693533
0,36,10,0,0,24.936985
1,30,12,0,1,
2,49,10,0,3,15.76283
3,42,12,0,3,16.131222
4,46,10,0,3,21.590618
5,31,12,1,0,29.580069
6,43,16,1,2,35.423939
7,40,12,1,4,30.357502
8,43,16,1,1,26.333395
9,39,16,1,2,31.156696
0,26,10,0,2,24.014517
1,32,16,0,2,24.116291
2,33,10,0,1,
3,26,16,0,1,24.196583
4,43,16,1,3,21.908234
5,30,16,0,4,27.398788
6,32,12,1,5,14.92789
7,36,12,1,5,18.305326
8,46,20,1,1,27.890553
9,53,12,1,2,10.792561
0,37,10,1,1,11.584918
1,55,10,0,3,18.915739
2,30,10,1,1,15.291411
3,44,16,0,1,
4,30,10,1,4,21.314695
5,34,12,1,1,31.869526
6,52,16,1,1,30.098116
7,55,16,1,3,20.96336
8,52,16,1,1,29.672447
9,45,12,1,3,25.531862
0,24,12,0,1,
1,22,10,1,0,
2,28,10,0,2,23.747408
3,40,10,0,3,
4,36,16,1,1,
5,31,10,1,0,20.289026
6,32,16,1,4,18.74226
7,41,12,1,5,21.503952
8,41,12,1,4,25.700249
9,50,16,1,0,30.244499
0,30,10,0,2,
1,53,10,0,0,
2,38,10,0,3,13.423997
3,26,16,1,1,
4,33,10,0,2,21.870958
5,32,10,1,1,16.792658
6,36,12,0,3,28.340471
7,35,16,1,1,23.127468
8,38,16,1,3,25.068031
9,56,12,1,4,23.182594
0,27,10,0,3,17.421564
1,28,10,0,1,20.663897
2,26,10,0,0,
3,28,10,1,1,24.780458
4,31,16,1,1,26.877478
5,39,16,0,2,29.421558
6,32,16,1,1,22.486591
7,35,16,1,1,29.090826
8,40,16,1,2,17.968891
9,46,16,1,2,33.918362
0,40,10,1,0,26.098452
1,49,10,0,1,15.168963
2,27,10,1,3,18.109407
3,31,12,1,0,19.520338
4,49,20,1,2,45.809792
5,55,12,1,1,18.956049
6,44,16,1,2,29.997414
7,35,20,1,2,29.335545
8,42,16,1,0,33.971226
9,38,12,1,1,15.169548
0,26,10,0,0,
1,25,10,1,0,
2,38,12,1,1,
3,30,16,0,1,
4,43,10,1,1,14.935921
5,30,16,1,1,25.288885
6,33,16,1,1,31.71077
7,34,16,1,5,22.271574
8,39,16,1,5,17.95323
9,42,16,1,0,
0,20,10,0,3,
1,22,16,0,3,16.026491
2,24,10,1,0,18.164423
3,32,12,0,0,
4,29,16,1,0,27.957655
5,35,10,1,0,22.479759
6,37,16,1,4,12.600482
7,45,12,1,5,23.773188
8,43,16,1,1,23.674017
9,43,12,1,3,24.374514
0,28,10,0,2,
1,32,20,1,0,27.970087
2,29,10,1,3,23.120251
3,36,10,1,1,26.623974
4,29,12,1,2,
5,35,10,1,1,
6,39,12,1,3,29.549316
7,41,16,1,1,27.952534
8,45,12,1,1,
9,53,12,1,0,30.59609
0,22,10,0,2,7.1261201
1,41,16,0,0,
2,46,10,0,3,17.695099
3,51,12,0,2,25.253155
4,34,12,1,0,25.09808
5,32,12,1,3,
6,32,16,1,1,22.650162
7,37,12,1,1,11.994469
8,41,12,1,2,19.923901
9,42,12,1,2,23.635704
0,23,10,0,2,
1,24,10,1,2,16.753988
2,29,10,0,3,
3,37,10,0,1,15.216815
4,45,12,1,0,36.174534
5,43,16,1,1,25.245686
6,40,12,1,4,18.004055
7,40,12,1,0,30.405685
8,40,16,1,4,22.995508
9,42,16,1,1,25.191486
0,22,10,0,0,
1,31,10,0,2,21.149733
2,25,10,0,3,17.470659
3,36,16,0,0,
4,43,10,1,0,31.361616
5,34,16,1,1,30.542545
6,32,16,1,0,
7,38,16,1,4,26.570881
8,36,16,1,0,25.63154
9,46,12,1,3,15.772732
0,26,10,0,1,23.8029
1,25,10,0,0,
2,35,12,0,0,
3,28,12,1,0,
4,31,16,1,1,26.452259
5,51,12,1,1,27.751127
6,35,16,0,3,18.818869
7,41,16,1,0,25.092125
8,37,20,1,0,
9,45,16,1,3,20.671854
0,25,12,0,1,19.855526
1,42,16,0,2,21.117348
2,24,16,0,0,
3,46,10,0,1,28.438318
4,30,20,1,0,
5,33,12,1,1,19.133923
6,35,12,1,0,
7,52,12,1,1,29.952452
8,39,20,1,0,37.448227
9,38,12,1,1,
0,27,10,0,1,
1,41,10,1,2,31.568565
2,28,12,1,2,18.468246
3,46,12,1,0,19.684387
4,42,10,1,2,19.274767
5,37,12,0,2,25.779865
6,49,12,1,4,28.050085
7,38,12,1,4,17.619673
8,39,12,1,0,
9,41,12,1,4,28.102839
0,20,12,0,1,15.909507
1,24,10,0,2,12.348861
2,25,10,0,1,
3,26,16,0,3,
4,36,10,0,3,
5,34,12,0,2,
6,48,10,1,2,
7,37,20,1,0,30.069456
8,43,20,1,3,36.082916
9,44,12,1,4,30.131266
0,21,16,0,0,
1,23,10,1,0,
2,24,16,0,3,21.392601
3,27,10,1,1,
4,28,10,1,1,
5,43,10,1,0,
6,32,16,1,3,23.279215
7,39,16,0,4,20.888958
8,48,16,1,2,26.595015
9,41,12,1,5,18.76701
0,35,10,0,2,23.149897
1,32,10,0,2,14.13296
2,38,16,0,3,27.794535
3,30,10,1,2,21.783831
4,35,16,0,2,30.028976
5,37,10,1,1,16.80422
6,46,12,1,1,39.645481
7,56,20,1,2,42.408215
8,53,16,1,0,30.745729
9,39,16,1,3,22.961956
0,48,12,0,2,
1,23,10,0,0,
2,45,10,1,0,
3,36,12,1,3,20.318237
4,40,12,1,4,
5,31,16,1,3,26.829519
6,48,12,1,0,19.396509
7,54,12,1,2,23.405401
8,40,12,1,3,18.653744
9,44,12,1,2,
0,21,10,0,2,
1,23,10,0,1,
2,46,12,0,0,25.378246
3,47,10,0,1,
4,48,10,0,1,26.302601
5,46,12,1,1,
6,41,16,1,5,25.080439
7,35,16,1,0,17.985331
8,36,20,1,0,
9,50,20,1,0,
0,34,10,1,3,22.206141
1,24,16,0,3,28.315859
2,28,10,0,3,
3,28,20,0,0,37.243671
4,34,12,0,1,
5,37,10,0,2,
6,34,12,1,2,
7,38,16,1,1,
8,36,16,1,3,23.352716
9,39,20,1,2,21.495794
0,26,10,0,0,
1,43,20,0,1,27.901751
2,26,20,0,0,
3,38,16,1,0,
4,28,12,0,2,
5,49,10,1,3,31.685699
6,46,20,1,0,43.016418
7,35,12,0,5,16.747435
8,39,16,1,1,34.146717
9,38,20,1,0,
0,33,10,0,1,
1,22,10,0,1,
2,26,10,1,3,7.3411374
3,35,10,1,0,
4,28,12,1,1,18.355547
5,31,10,1,1,24.188776
6,48,10,1,4,16.969185
7,34,16,1,1,
8,38,12,1,2,28.175611
9,58,12,1,1,29.271778
0,25,10,0,0,
1,22,10,0,0,
2,27,10,1,1,11.176463
3,27,12,1,1,
4,39,12,1,2,
5,39,16,1,0,34.396969
6,55,20,1,1,38.290039
7,37,16,1,4,30.04888
8,50,16,1,0,
9,40,16,1,3,27.744198
0,48,10,0,0,21.500391
1,24,12,1,0,
2,24,10,1,0,
3,27,10,0,4,
4,44,16,1,3,31.713326
5,36,12,0,1,22.197704
6,36,16,1,3,21.205801
7,35,16,1,1,21.674194
8,41,12,1,5,15.646855
9,38,16,1,2,23.14991
0,22,10,0,0,
1,23,10,0,3,
2,29,10,0,1,
3,33,12,0,4,20.531549
4,30,10,1,3,15.495236
5,42,16,0,2,31.585587
6,49,12,1,4,34.528782
7,34,12,1,4,12.695636
8,40,12,1,4,23.908432
9,47,16,1,1,30.953287
0,32,10,0,0,
1,23,10,0,1,25.294754
2,35,12,0,1,
3,27,12,1,2,18.259192
4,45,10,1,4,11.733666
5,41,10,1,0,22.727285
6,40,12,1,1,20.095892
7,45,16,1,5,20.226225
8,37,10,1,3,15.418859
9,54,12,1,2,17.858778
0,31,10,1,0,13.058096
1,26,10,0,3,20.187778
2,34,16,1,0,17.120316
3,29,16,1,0,32.423618
4,29,10,1,0,
5,33,12,1,0,29.485897
6,35,16,1,0,41.525291
7,50,16,1,1,30.317877
8,58,12,1,1,19.075329
9,40,12,1,2,17.329094
0,20,10,0,2,
1,22,16,0,2,20.55069
2,24,16,0,4,25.34778
3,38,16,0,1,23.853355
4,42,12,1,2,15.204895
5,32,12,1,1,27.11948
6,32,16,1,1,24.989027
7,56,16,1,1,
8,52,12,1,2,35.709347
9,38,12,1,3,27.615017
0,20,10,0,1,
1,25,10,0,0,
2,25,16,0,3,
3,26,16,0,2,
4,34,10,1,1,
5,45,10,1,1,17.536703
6,38,20,1,2,31.620378
7,45,16,1,2,28.602749
8,39,16,1,5,30.252951
9,41,16,1,4,30.368488
0,20,10,0,1,
1,23,12,0,3,18.938663
2,25,12,0,3,26.302643
3,38,16,0,4,26.657921
4,28,10,1,1,23.793911
5,33,16,1,2,26.901693
6,32,12,1,3,13.247972
7,34,12,1,1,20.864428
8,38,16,1,1,19.790211
9,42,12,1,3,20.903809
0,29,10,0,0,24.853319
1,29,12,0,0,
2,28,12,0,2,
3,30,12,0,2,24.985079
4,34,16,0,3,21.820282
5,41,16,0,4,30.76811
6,58,16,1,0,31.461723
7,46,12,1,1,25.754078
8,59,20,1,0,28.586842
9,45,12,1,3,19.187626
0,28,10,0,1,
1,35,16,1,0,27.644209
2,31,10,1,3,14.032453
3,38,10,1,0,17.616583
4,57,16,0,1,29.085545
5,30,16,1,0,
6,42,12,1,1,28.877598
7,50,16,1,0,31.053703
8,40,12,1,1,
9,48,12,1,3,25.006124
0,31,10,0,0,18.359848
1,30,16,0,3,26.371332
2,32,16,0,2,24.534611
3,41,16,0,1,29.110348
4,30,12,1,1,
5,31,12,1,1,17.251072
6,36,10,1,3,11.235548
7,35,16,1,0,
8,38,16,1,0,
9,44,12,1,2,29.683409
0,23,10,0,1,
1,22,10,0,3,14.840361
2,25,10,1,2,20.973679
3,52,12,0,2,22.150164
4,35,16,1,3,17.324224
5,44,12,1,1,24.387598
6,38,12,1,1,11.708302
7,40,12,1,1,19.249315
8,43,20,1,3,23.463402
9,39,12,1,5,21.977594
0,47,10,0,1,
1,23,10,0,3,17.235373
2,40,16,0,0,
3,28,10,1,0,
4,38,16,0,2,25.739265
5,31,16,1,1,17.755657
6,44,16,1,3,24.427786
7,35,16,1,0,22.299511
8,37,12,1,1,27.568508
9,40,16,1,0,
0,21,10,0,0,
1,22,10,0,0,
2,28,16,0,4,23.942844
3,46,16,0,2,
4,28,10,1,1,
5,31,10,1,4,28.198385
6,36,16,1,4,27.041082
7,44,12,1,1,30.510511
8,41,16,1,0,24.461948
9,38,12,1,1,
0,25,10,0,1,21.594395
1,23,10,0,4,20.296288
2,26,10,1,1,15.076112
3,26,10,0,0,
4,32,16,0,1,32.38588
5,41,12,1,5,20.261301
6,35,12,1,1,18.671772
7,42,16,1,0,24.793596
8,42,16,1,1,16.76161
9,42,12,1,1,19.835249
0,42,10,0,1,
1,28,10,0,2,
2,47,10,1,1,16.61347
3,33,12,1,1,
4,31,16,1,1,
5,46,16,0,4,24.773619
6,46,10,1,1,32.551971
7,35,16,1,4,19.531706
8,45,12,1,0,15.970394
9,40,16,1,2,26.923988
0,30,10,0,3,
1,30,10,0,3,22.946407
2,39,12,1,0,20.684771
3,34,12,0,0,31.432966
4,36,12,0,2,
5,41,16,1,0,28.886728
6,35,20,1,2,
7,35,16,1,0,
8,37,20,1,0,34.97369
9,40,16,1,2,27.599958
0,34,10,0,0,15.08164
1,27,10,0,3,15.391559
2,42,12,0,2,17.166048
3,32,16,0,2,26.810837
4,28,16,1,0,22.397125
5,52,12,1,1,14.095703
6,43,16,1,0,31.060879
7,39,10,1,0,
8,36,16,1,4,28.457544
9,51,16,1,1,28.567766
0,34,10,1,3,28.846405
1,34,10,1,0,27.547569
2,29,12,1,0,
3,29,10,0,1,
4,30,10,0,3,
5,36,12,1,0,
6,41,12,1,3,24.84128
7,37,16,1,1,23.563971
8,38,16,1,0,21.966146
9,48,16,1,5,14.163893
0,32,10,1,1,
1,25,10,0,1,
2,26,10,0,1,
3,30,12,0,0,22.594444
4,48,12,1,2,17.089903
5,53,20,1,0,35.278278
6,35,12,1,2,17.000286
7,39,16,1,1,20.697899
8,43,12,1,0,13.807871
9,38,12,1,0,18.728058
0,25,10,0,2,
1,28,16,0,0,29.498812
2,24,10,0,3,6.7397838
3,44,10,0,2,29.618853
4,39,10,1,4,25.843658
5,30,10,1,0,
6,32,12,1,3,
7,37,16,1,1,30.037779
8,46,16,1,1,29.791834
9,54,20,1,0,32.208931
0,29,10,0,0,
1,25,16,1,0,29.889194
2,26,10,0,2,19.308725
3,34,10,0,2,17.771088
4,37,10,1,1,14.550166
5,30,16,1,1,29.269014
6,32,16,1,3,21.29809
7,48,16,1,5,21.147644
8,36,12,1,1,21.430614
9,42,16,1,0,
0,21,10,0,0,27.097975
1,51,10,0,2,24.414125
2,31,12,0,2,
3,44,10,1,1,20.488356
4,35,16,1,0,
5,32,16,1,1,27.836191
6,44,16,1,4,16.671764
7,52,16,1,5,28.444353
8,37,16,1,2,26.331005
9,42,12,1,2,
0,27,10,0,0,26.209303
1,33,10,0,2,25.259439
2,39,12,0,3,27.954321
3,38,12,1,1,16.232683
4,35,16,0,2,
5,49,12,1,0,
6,35,12,1,1,12.949705
7,56,16,1,1,24.957779
8,51,12,1,4,23.030111
9,48,12,1,1,20.004316
0,20,10,0,2,
1,25,20,0,0,24.760798
2,24,10,0,2,18.63345
3,29,10,0,3,19.377127
4,37,12,1,1,24.422871
5,46,16,1,3,28.189896
6,48,12,1,2,16.080452
7,45,10,1,0,
8,41,16,1,0,
9,45,16,1,1,31.899616
0,22,16,0,3,21.616032
1,32,16,0,2,
2,37,16,1,2,37.106983
3,26,10,1,0,
4,39,10,0,1,9.728734
5,42,16,1,1,24.157393
6,53,12,1,2,26.424341
7,47,16,1,0,25.64468
8,47,12,1,1,
9,40,16,1,4,34.984436
0,38,10,0,2,18.304146
1,32,16,0,2,
2,27,10,0,3,24.129427
3,26,10,0,4,10.944052
4,30,16,0,2,
5,45,12,1,0,21.686111
6,32,16,1,1,
7,35,12,1,1,30.573034
8,37,20,1,0,30.689369
9,42,16,1,4,36.831711
0,40,10,0,1,
1,28,10,0,3,21.263599
2,24,10,1,1,
3,26,10,1,1,
4,30,10,0,1,
5,30,16,0,3,
6,42,10,1,3,
7,50,12,1,1,31.410566
8,43,16,1,1,28.239338
9,38,16,1,1,27.098892
0,25,10,0,1,22.979856
1,27,10,1,3,14.588805
2,25,10,1,4,26.432596
3,38,10,0,2,
4,41,16,1,2,21.320292
5,34,12,1,1,21.315973
6,38,16,0,3,33.70409
7,55,16,1,1,44.534027
8,42,16,1,2,19.104059
9,42,16,1,3,34.117371
0,36,12,0,3,29.578388
1,43,12,0,2,
2,32,16,1,4,31.688988
3,31,16,0,2,33.023315
4,28,10,0,3,
5,31,16,1,1,17.464914
6,34,12,0,3,31.376934
7,36,12,1,4,18.185125
8,41,16,1,2,29.659819
9,51,16,1,0,29.112848
0,20,10,0,3,19.769205
1,51,10,0,2,24.067722
2,48,10,0,1,
3,42,10,0,1,28.246304
4,34,10,0,2,15.911235
5,44,12,1,2,16.797506
6,35,20,1,1,22.571058
7,49,16,1,1,25.872549
8,46,16,1,3,28.3533
9,48,20,1,3,37.525898
0,25,10,1,0,
1,25,10,0,1,
2,29,10,0,0,
3,29,16,1,0,22.599531
4,45,12,1,1,23.857525
5,41,12,1,2,19.818298
6,37,12,1,5,27.651823
7,34,16,1,1,18.533669
8,48,16,1,1,25.807009
9,55,12,1,1,33.552429
0,20,10,0,1,
1,31,10,0,0,
2,27,10,1,1,22.291473
3,31,10,1,1,
4,34,16,1,1,24.923149
5,30,16,0,1,22.021572
6,34,16,1,1,
7,38,12,1,1,
8,54,12,1,3,43.979187
9,40,20,1,3,20.109735
0,28,12,0,3,
1,33,20,0,1,
2,53,12,0,3,
3,35,10,0,1,
4,28,12,1,1,20.008322
5,33,20,1,0,
6,47,16,1,1,19.793856
7,38,20,1,0,31.140364
8,41,16,1,1,13.584557
9,50,12,1,2,27.494883
0,24,10,0,0,
1,25,12,0,3,13.0382
2,36,10,0,1,
3,29,16,1,0,27.339937
4,32,12,1,3,13.881011
5,43,16,0,1,
6,50,12,1,3,28.167336
7,43,12,1,2,18.448784
8,39,16,1,0,28.849211
9,41,16,1,0,33.609608
0,22,12,0,0,
1,31,10,0,0,22.498543
2,33,10,0,0,
3,28,12,1,1,28.846165
4,39,12,0,3,17.514954
5,39,12,1,3,36.170044
6,33,16,1,0,
7,34,16,1,1,29.038429
8,39,12,1,3,25.297499
9,47,16,1,1,28.479237
0,20,12,0,1,18.458019
1,34,12,1,0,26.917364
2,25,10,1,1,
3,29,10,0,1,
4,35,16,1,4,27.217407
5,34,12,1,0,
6,40,16,1,1,
7,36,10,1,4,9.3673649
8,42,16,1,1,
9,38,16,1,3,25.764053
0,26,20,1,0,
1,28,10,0,2,
2,27,10,1,0,
3,27,10,1,0,23.225613
4,31,20,0,2,
5,59,12,1,0,24.753855
6,34,20,0,2,
7,49,16,1,1,
8,36,10,1,0,24.389917
9,43,16,1,1,21.96678
0,20,10,0,2,
1,33,10,0,0,
2,26,10,0,2,15.287112
3,26,10,1,2,14.946776
4,47,16,0,4,
5,39,12,1,1,9.6143684
6,45,16,1,0,26.036207
7,34,10,1,1,25.135147
8,37,12,1,4,22.402153
9,42,16,1,3,27.326597
0,20,10,0,3,15.366413
1,22,16,0,4,23.031967
2,45,10,0,2,26.618778
3,36,16,1,0,
4,46,12,0,2,16.326283
5,34,20,1,1,32.629353
6,49,10,1,0,26.514854
7,39,16,1,3,29.977831
8,46,12,1,5,16.680546
9,41,16,1,1,19.40377
0,21,10,0,3,19.251284
1,25,10,0,2,
2,42,10,0,0,19.186333
3,33,10,0,1,25.882704
4,29,10,1,1,
5,42,20,1,0,36.213593
6,45,12,1,1,
7,34,16,1,2,21.601458
8,55,16,1,5,26.767918
9,38,16,1,3,21.931042
0,33,10,0,1,14.981806
1,26,10,0,3,12.302681
2,32,16,1,0,
3,46,12,1,0,26.007269
4,29,12,0,4,21.079821
5,54,12,1,0,20.385353
6,32,10,0,1,
7,36,12,1,3,15.98285
8,38,20,1,0,28.541496
9,45,16,1,1,23.798365
0,24,10,0,3,
1,33,10,0,2,
2,44,10,1,0,
3,44,10,1,0,
4,34,10,1,0,
5,42,12,0,3,22.339231
6,32,10,1,5,21.65354
7,47,16,1,1,17.348269
8,43,16,1,1,
9,46,16,1,2,32.008018
0,39,10,0,2,
1,30,10,0,1,19.785833
2,24,10,0,1,33.581074
3,35,10,0,2,20.392496
4,43,10,0,2,28.235638
5,32,12,1,1,20.508451
6,46,12,0,2,25.754732
7,37,12,1,5,24.63369
8,41,16,1,1,27.269249
9,43,20,1,0,34.605839
0,33,10,0,2,
1,43,16,0,3,31.65531
2,26,16,0,1,
3,45,12,1,1,
4,46,16,1,4,24.981188
5,30,16,0,3,14.109449
6,41,10,1,2,
7,40,16,1,1,25.833563
8,36,12,1,0,27.46007
9,45,12,1,1,20.191978
0,22,10,0,0,
1,36,10,0,3,17.612165
2,30,10,1,1,32.613804
3,40,12,0,3,23.934605
4,30,16,1,3,21.86289
5,36,12,1,0,23.55356
6,34,20,0,3,28.868267
7,37,16,1,3,33.103466
8,48,20,1,3,32.954849
9,40,16,1,3,37.63588
0,33,12,0,2,
1,50,10,0,2,
2,31,16,1,2,
3,36,10,1,0,
4,40,10,1,3,9.5373249
5,35,16,0,2,30.90686
6,44,10,1,2,33.867569
7,35,12,1,0,21.894163
8,38,20,1,0,
9,45,16,1,1,30.680267
0,40,16,0,1,20.035374
1,36,10,0,3,
2,40,10,1,0,
3,40,16,1,0,26.879129
4,28,12,1,0,
5,31,20,1,1,30.245222
6,50,16,1,1,
7,36,12,1,1,35.320793
8,36,12,1,0,
9,40,12,1,1,
0,28,10,0,3,
1,28,10,0,3,
2,25,10,0,1,
3,29,10,1,0,
4,33,10,1,0,25.385101
5,35,16,0,1,23.883909
6,32,12,1,2,28.156624
7,43,16,1,1,30.642841
8,46,16,1,1,30.723402
9,42,20,1,0,42.564705
0,44,10,0,1,17.856541
1,50,10,1,0,31.108812
2,25,10,1,2,25.470545
3,30,16,1,3,
4,47,12,1,1,
5,31,16,1,0,
6,36,20,1,0,18.286501
7,56,16,1,0,
8,43,16,1,1,
9,48,20,1,0,28.523197
0,32,12,0,1,
1,26,10,0,4,7.3283834
2,25,12,1,1,
3,32,16,0,3,22.019863
4,33,10,0,3,11.874689
5,31,16,1,3,25.576782
6,38,12,1,1,
7,38,16,1,1,
8,38,10,1,5,15.42019
9,38,12,1,4,25.993338
0,50,10,0,1,29.163893
1,29,10,1,0,
2,25,12,0,4,27.418379
3,30,10,0,2,
4,37,16,0,1,31.119383
5,30,12,1,1,29.600931
6,37,16,1,1,25.132128
7,35,20,0,2,
8,37,16,1,1,24.966356
9,50,16,1,3,30.829227
0,27,10,0,0,
1,42,12,1,1,
2,28,16,0,2,
3,38,10,1,1,17.247429
4,33,20,0,0,
5,35,12,1,1,
6,37,12,0,2,20.995564
7,34,16,1,2,17.734119
8,38,16,1,1,29.951206
9,45,20,1,0,
0,49,10,0,0,
1,26,16,0,2,24.385557
2,34,10,1,1,
3,34,20,0,2,20.44298
4,44,12,1,1,26.296827
5,39,12,1,1,
6,41,16,1,0,23.834366
7,36,12,1,1,
8,44,12,1,3,19.661528
9,52,16,1,1,34.96851
0,28,10,0,0,
1,24,16,0,1,29.471445
2,28,10,0,0,18.840284
3,38,12,1,1,
4,45,12,1,1,
5,41,16,1,0,24.348276
6,35,16,1,1,30.26783
7,38,12,1,4,21.762974
8,53,12,1,1,24.203669
9,51,12,1,0,28.381712
0,46,10,0,3,26.943516
1,25,12,0,1,
2,24,10,1,1,15.459606
3,33,10,0,2,
4,29,16,1,2,17.17816
5,40,16,1,1,33.508904
6,50,10,0,1,18.086138
7,44,12,1,0,32.157795
8,45,16,1,1,15.247755
9,43,12,1,1,
0,22,10,1,0,23.494596
1,24,10,0,0,
2,34,12,0,1,25.53232
3,26,10,1,3,23.570812
4,29,12,1,4,19.028269
5,34,12,0,2,23.33856
6,49,10,1,4,27.594807
7,39,12,1,3,17.261221
8,36,16,1,1,
9,42,12,1,3,23.168884
0,32,10,0,3,16.817114
1,26,10,0,2,
2,25,10,0,2,15.302377
3,32,12,1,4,22.300587
4,29,10,1,2,
5,37,16,1,0,26.136526
6,34,16,1,1,
7,41,12,1,3,
8,52,16,1,2,18.933323
9,38,12,1,1,13.471473
0,22,12,1,2,13.126431
1,34,10,1,0,27.782459
2,45,16,1,2,27.702208
3,31,12,1,0,
4,50,12,1,1,35.778187
5,36,16,1,2,36.800034
6,34,16,1,1,24.934221
7,37,16,1,3,17.834831
8,44,16,1,0,19.383886
9,47,16,1,4,14.180958
0,36,10,0,0,
1,25,10,0,3,
2,34,10,0,2,17.57509
3,50,20,1,0,29.623066
4,29,20,0,1,
5,30,16,1,1,
6,37,12,1,1,20.213766
7,35,16,1,1,33.122723
8,36,16,1,1,24.5996
9,46,16,1,0,
0,22,10,0,0,
1,22,16,0,0,
2,34,10,1,0,
3,32,10,1,0,15.985874
4,43,16,1,1,26.524891
5,32,10,1,4,24.594765
6,35,16,1,5,26.400206
7,39,16,1,1,25.488873
8,42,10,1,5,19.729578
9,47,16,1,1,25.934864
0,20,10,0,3,24.484154
1,36,10,0,2,23.614067
2,36,10,0,1,
3,31,12,0,3,19.246363
4,45,12,1,2,21.369993
5,33,12,0,2,26.279978
6,37,12,1,1,22.078794
7,36,12,0,2,12.108947
8,36,12,1,1,
9,44,12,1,3,29.979794
0,40,10,0,1,24.655996
1,49,16,1,1,22.830263
2,41,12,0,2,18.308842
3,28,16,1,1,23.862179
4,34,12,1,1,16.705618
5,39,12,1,3,8.3468065
6,42,12,0,1,
7,37,10,1,1,
8,43,16,1,1,29.85442
9,51,12,1,5,22.184088
0,22,10,0,1,
1,31,10,0,1,
2,34,10,1,0,25.63023
3,28,10,0,4,17.917093
4,48,12,0,3,23.484203
5,31,12,0,4,19.63566
6,35,12,1,1,
7,34,20,1,0,
8,39,16,1,2,25.119333
9,40,20,1,0,27.144537
0,21,10,0,3,
1,34,10,0,3,17.981815
2,31,20,0,1,30.955643
3,29,10,0,1,20.708105
4,45,12,0,1,
5,30,16,1,0,20.150774
6,46,12,1,1,16.443941
7,41,12,1,0,16.469755
8,46,12,1,2,29.537249
9,53,12,1,4,17.350847
0,31,10,1,0,
1,23,10,0,3,14.978696
2,42,12,0,3,23.187962
3,30,12,1,2,
4,38,16,1,0,
5,31,10,1,0,19.913427
6,52,16,1,0,28.267103
7,36,10,1,1,
8,46,20,1,1,28.432365
9,55,12,1,5,22.875299
0,29,10,0,1,
1,22,12,1,3,39.085091
2,27,12,0,4,
3,26,10,0,1,
4,38,12,1,2,23.128839
5,39,16,1,3,26.113869
6,32,10,1,1,22.740034
7,36,12,1,3,29.6766
8,48,16,1,1,30.901083
9,40,16,1,5,16.286316
0,53,10,1,0,30.570038
1,24,20,0,2,
2,42,16,0,1,
3,35,10,0,3,19.580547
4,40,10,1,0,
5,34,12,1,3,22.540308
6,38,12,0,2,24.806759
7,40,12,1,2,
8,38,16,1,4,22.7593
9,38,20,1,3,24.159964
0,25,10,0,3,16.480206
1,29,10,0,3,
2,25,12,0,3,24.881535
3,42,10,0,2,
4,45,12,1,2,15.699252
5,31,16,1,1,
6,48,10,1,1,32.209812
7,34,12,1,2,21.859976
8,36,16,1,1,
9,38,12,1,1,31.546268
0,53,10,1,0,29.205196
1,24,12,0,1,
2,36,12,1,1,26.329792
3,26,16,1,1,18.650919
4,28,12,1,1,20.708212
5,34,12,1,0,
6,47,16,1,1,29.081451
7,34,16,1,3,34.207172
8,44,16,1,1,29.75247
9,43,16,1,3,29.393251
0,23,16,0,3,20.728359
1,30,10,1,2,15.796832
2,31,16,0,2,24.55962
3,39,10,0,2,17.970695
4,29,10,1,0,
5,36,12,1,2,
6,38,10,1,4,12.22278
7,37,12,1,0,22.642233
8,36,12,1,1,
9,58,16,1,1,36.263374
0,31,10,0,3,17.854481
1,22,10,1,1,21.352146
2,31,12,0,4,18.887436
3,28,12,1,0,28.249424
4,35,10,1,3,14.99298
5,33,12,1,1,23.441332
6,39,16,0,4,24.427082
7,38,10,1,2,14.745413
8,48,12,1,2,30.021925
9,46,16,1,1,14.623939
0,47,10,0,3,
1,29,10,0,0,
2,44,16,0,4,23.891254
3,27,16,0,2,
4,40,12,1,4,5.8849702
5,32,10,1,0,26.741222
6,34,12,0,1,22.842848
7,48,12,1,0,25.280157
8,37,20,1,0,30.493328
9,46,16,1,1,26.5023
0,33,10,0,1,23.526325
1,25,10,1,0,
2,24,10,1,1,
3,48,16,1,1,23.175966
4,32,16,1,0,
5,31,16,1,1,
6,37,12,1,0,
7,36,16,1,0,36.157681
8,39,10,1,0,25.164597
9,42,12,1,3,13.483025
0,20,12,0,0,
1,22,10,0,2,
2,27,10,0,4,
3,26,16,1,3,20.055847
4,30,16,1,1,27.453255
5,31,10,1,4,16.213732
6,33,16,1,4,27.922899
7,43,12,1,1,
8,54,12,1,2,30.086203
9,46,16,1,1,
0,20,10,0,0,
1,34,10,1,3,19.850275
2,39,12,1,1,22.465044
3,33,16,1,1,
4,28,12,1,0,19.958111
5,32,12,1,0,
6,35,20,1,1,26.062429
7,34,12,1,1,21.093561
8,36,16,1,5,12.392473
9,48,12,1,0,22.549122
0,23,10,1,0,
